"X.date","meal","food","weight","protein","fat","carbohydrates","calories"
190119,"b","Bread, white, average",36,2.7,1.44,17.28,95.04
190119,"b","Eggs, chicken, whole, raw",52,6.552,4.68,0,68.12
190119,"b","butter,clarified",5,0,2.5,0,22.5
190119,"b","Ham,parmacotto",20,3.8,1.6,0.1,30
190119,"l","Sweet potato, boiled in unsalted water, flesh only",90,0.99,0.27,18.45,75.6
190119,"l","Tomatoes, standard, raw",100,0.5,0.1,3,14
190119,"l","Spinach, baby, raw",50,1.3,0.3,0.1,8
190119,"l","mayoyo",24,0.216,1.5744,0.264,16.1856
190119,"l","cheese, spread,milbona",50,2.25,12.25,1.5,126
190119,"d","Turkey, light meat, raw",150,36.6,1.2,0,157.5
190119,"d","Avocado, average, flesh only",100,1.9,19.5,1.9,190
190119,"d","Cucumber, raw, flesh and skin",100,1,0.6,1.2,14
190119,"br","chocolate,schegetten,nut",22,1.408,8.36,11,126.06
190119,"br","Coronation chicken, veronica",60,8.652,1.104,4.74,63.354
190120,"b","Bread, white, average",36,2.7,1.44,17.28,95.04
190120,"b","jam, apricot, hero",6,0.024,0.006,3.54,14.58
190120,"l","Pasta, egg, white, dried, raw",75,9.675,2.7,56.1,273.75
190120,"l","Aubergine, raw",70,0.63,0.28,1.54,10.5
190120,"l","Cheese, Ricotta",50,4.7,5.5,1,72
190120,"l","passata",70,1.47,0.14,4.62,28.7
190120,"br","pusd",170,6.987,17.6698,84.082,502.418
190120,"br","Apples, eating, raw, flesh and skin",137,0.822,0.685,15.892,69.87
190120,"d","Curry,ryoux,japanese",32.5,1.95,11.1475,15.275,169.325
190120,"d","Potatoes, new and salad, flesh only, raw",120,2.04,0.12,19.32,81.6
190120,"d","Carrots, old, raw",39,0.195,0.156,3.003,13.26
190120,"d","Onions, raw",42,0.42,0.042,3.36,14.7
190120,"d","Turkey, light meat, raw",100,24.4,0.8,0,105
190120,"d","Apples, eating, raw, flesh and skin",26.5,0.159,0.1325,3.074,13.515
190120,"d","Rice, white, basmati, raw",50,4.05,0.25,41.85,175.5
190121,"b","Bread, white, average",36,2.7,1.44,17.28,95.04
190121,"b","Eggs, chicken, whole, raw",52,6.552,4.68,0,68.12
190121,"b","Ham,parmacotto",20,3.8,1.6,0.1,30
190121,"l","Potatoes, old, boiled in salted water, flesh only",150,2.7,0.15,26.25,111
190121,"l","Tomatoes, standard, raw",120,0.6,0.12,3.6,16.8
190121,"l","Tuna, canned in sunflower oil, drained",52,13.208,3.328,0,82.68
190121,"br","Coronation chicken, veronica",80,11.536,1.472,6.32,84.472
190121,"br","chocolate,schegetten,nut",26.5,1.696,10.07,13.25,151.845
190121,"d","Spinach, baby, raw",100,2.6,0.6,0.2,16
190121,"d","Pork, diced, raw, lean",150,32.1,6,0,183
190121,"d","Onions, raw",42,0.42,0.042,3.36,14.7
190121,"d","Garlic, raw",5,0.395,0.03,0.815,4.9
190121,"br","Frankfuter,mixed",100,12,18,4,226
190121,"br","mayoyo",10,0.09,0.656,0.11,6.744
190121,"br","Mayonnaise, standard, retail",30,0.33,22.44,0.72,205.8
190122,"b","Bread, white, average",36,2.7,1.44,17.28,95.04
190122,"b","Eggs, chicken, whole, raw",52,6.552,4.68,0,68.12
190122,"b","butter,clarified",10,0,5,0,45
190122,"br","Cheese, hard, average",160,39.84,55.2,0.16,657.6
190122,"l","Potatoes, old, boiled in salted water, flesh only",150,2.7,0.15,26.25,111
190122,"l","Tomatoes, standard, raw",120,0.6,0.12,3.6,16.8
190122,"l","Tuna, canned in sunflower oil, drained",52,13.208,3.328,0,82.68
190122,"d","Spinach, baby, raw",100,2.6,0.6,0.2,16
190122,"d","Pork, diced, raw, lean",150,32.1,6,0,183
190122,"d","Onions, raw",42,0.42,0.042,3.36,14.7
190122,"d","Garlic, raw",5,0.395,0.03,0.815,4.9
190122,"br","Chicken portions, battered, deep fried, takeaway",85,21.08,10.88,4.08,198.05
190122,"br","Melon, Galia, flesh only",200,1,0.2,11.2,48
190123,"b","Bread, white, average",36,2.7,1.44,17.28,95.04
190123,"b","Eggs, chicken, whole, raw",52,6.552,4.68,0,68.12
190123,"b","butter,clarified",10,0,5,0,45
190123,"l","Potatoes, old, boiled in salted water, flesh only",150,2.7,0.15,26.25,111
190123,"l","Tomatoes, standard, raw",60,0.3,0.06,1.8,8.4
190123,"l","Cucumber, raw, flesh and skin",81,0.81,0.486,0.972,11.34
190123,"l","Tuna, canned in sunflower oil, drained",52,13.208,3.328,0,82.68
190123,"l","Mayonnaise, standard, retail",24,0.264,17.952,0.576,164.64
190123,"d","Spinach, baby, raw",100,2.6,0.6,0.2,16
190123,"d","Pork, diced, raw, lean",150,32.1,6,0,183
190123,"d","Onions, raw",42,0.42,0.042,3.36,14.7
190123,"d","Garlic, raw",5,0.395,0.03,0.815,4.9
190123,"d","Cucumber, raw, flesh and skin",81,0.81,0.486,0.972,11.34
190123,"d","Avocado, average, flesh only",50,0.95,9.75,0.95,95
190123,"br","chocolate,schegetten,nut",16.5,1.056,6.27,8.25,94.545
190123,"br","Avocado, average, flesh only",100,1.9,19.5,1.9,190
190123,"br","Coronation chicken, veronica",80,11.536,1.472,6.32,84.472
190124,"b","Cornmeal, sifted",50,4.7,1.65,36.55,184
190124,"b","butter,clarified",5,0,2.5,0,22.5
190124,"br","pusd",60,2.466,6.2364,29.676,177.324
190124,"l","Pasta, egg, white, dried, raw",75,9.675,2.7,56.1,273.75
190124,"l","Cream, dairy, extra thick (24% fat)",62.5,1.8125,14.6875,2.125,147.5
190124,"l","Pesto, green",12,0.672,5.1,0.468,50.4
190124,"br","chocolate,schegetten,nut",5.5,0.352,2.09,2.75,31.515
190124,"d","Pork, diced, raw, lean",100,21.4,4,0,122
190124,"d","Pepper, capsicum, red, raw",50,0.4,0.1,2.15,10.5
190124,"d","Noodles, rice, fine, dried, boiled in unsalted water",75,1.425,0.15,15.975,66.75
190124,"d","Sweetcorn kernels, canned in water, drained",25,0.65,0.425,3.475,19.5
190126,"b","Bread, white, average",36,2.7,1.44,17.28,95.04
190126,"b","Eggs, chicken, whole, raw",52,6.552,4.68,0,68.12
190126,"b","butter,clarified",5,0,2.5,0,22.5
190126,"l","Lentils, green and brown, whole, dried, raw",47.5,11.5425,0.9025,23.18,141.075
190126,"l","Cabbage, average, raw",100,1.8,0.2,4.4,26
190126,"l","Tomatoes, standard, raw",100,0.5,0.1,3,14
190126,"l","Bacon rashers, back, raw",50,8.25,8.25,0,107.5
190126,"d","Turkey, light meat, raw",100,24.4,0.8,0,105
190126,"d","Onions, raw",42,0.42,0.042,3.36,14.7
190126,"d","Pepper, capsicum, red, raw",50,0.4,0.1,2.15,10.5
190126,"d","Mushrooms, white, raw",50,0.5,0.1,0.15,3.5
190126,"d","Yogurt, low fat, plain",100,4.8,1,7.8,57
190126,"br","Peanuts, dry roasted",5,1.285,2.49,0.515,29.5
190126,"br","Chestnuts, dried",30,1.11,1.53,20.7,95.7
190126,"br","Avocado, average, flesh only",200,3.8,39,3.8,380
190126,"br","Turkey, light meat, raw",150,36.6,1.2,0,157.5
190126,"br","Mayonnaise, standard, retail",30,0.33,22.44,0.72,205.8
190126,"br","Salami",50,10.45,19.6,0.25,219
190126,"br","chocolate,schegetten,nut",11,0.704,4.18,5.5,63.03
190127,"b","Bread, white, average",36,2.7,1.44,17.28,95.04
190127,"b","Eggs, chicken, whole, raw",52,6.552,4.68,0,68.12
190127,"b","butter,clarified",5,0,2.5,0,22.5
190127,"l","Lentils, green and brown, whole, dried, raw",47.5,11.5425,0.9025,23.18,141.075
190127,"l","Cabbage, average, raw",100,1.8,0.2,4.4,26
190127,"l","Tomatoes, standard, raw",100,0.5,0.1,3,14
190127,"l","Bacon rashers, back, raw",50,8.25,8.25,0,107.5
190127,"d","Turkey, light meat, raw",200,48.8,1.6,0,210
190127,"d","Onions, raw",42,0.42,0.042,3.36,14.7
190127,"d","Pepper, capsicum, red, raw",50,0.4,0.1,2.15,10.5
190127,"d","Yogurt, low fat, plain",100,4.8,1,7.8,57
190127,"br","Avocado, average, flesh only",100,1.9,19.5,1.9,190
190127,"br","Turkey, light meat, raw",150,36.6,1.2,0,157.5
190127,"br","Mayonnaise, standard, retail",40,0.44,29.92,0.96,274.4
190127,"br","chocolate,schegetten,nut",16.5,1.056,6.27,8.25,94.545
190202,"b","Bread, white, average",36,2.7,1.44,17.28,95.04
190202,"b","Eggs, chicken, whole, raw",52,6.552,4.68,0,68.12
190202,"b","butter,clarified",5,0,2.5,0,22.5
190202,"l","Cabbage, average, raw",100,1.8,0.2,4.4,26
190202,"l","Potatoes, new and salad, flesh only, raw",150,2.55,0.15,24.15,102
190202,"l","butter,clarified",2.8,0,1.4,0,12.6
190202,"l","Milk, 1% fat, pasteurised",19.5,0.6825,0.195,0.936,7.995
190202,"l","Bacon rashers, back, raw",33.3,5.4945,5.4945,0,71.595
190202,"d","Onions, raw",42,0.42,0.042,3.36,14.7
190202,"d","Pepper, capsicum, red, raw",100,0.8,0.2,4.3,21
190202,"d","Oil, sunflower",10,0,9.99,0,89.9
190202,"d","Pork, diced, raw, lean",100,21.4,4,0,122
190202,"br","chocolate,schegetten,nut",55,3.52,20.9,27.5,315.15
190202,"br","Oranges, flesh only",100,0.8,0.2,8.2,36
190202,"br","Cheese, Feta",100,15.6,20.2,1.5,250
190202,"br","Turkey, light meat, raw",200,48.8,1.6,0,210
190202,"br","Avocado, average, flesh only",100,1.9,19.5,1.9,190
190202,"br","Bread, white, average",36,2.7,1.44,17.28,95.04
190203,"b","Bread, white, average",36,2.7,1.44,17.28,95.04
190203,"b","Eggs, chicken, whole, raw",52,6.552,4.68,0,68.12
190203,"b","butter,clarified",5,0,2.5,0,22.5
190203,"l","Cabbage, average, raw",100,1.8,0.2,4.4,26
190203,"l","Potatoes, new and salad, flesh only, raw",150,2.55,0.15,24.15,102
190203,"l","butter,clarified",2.8,0,1.4,0,12.6
190203,"l","Milk, 1% fat, pasteurised",19.5,0.6825,0.195,0.936,7.995
190203,"l","Bacon rashers, back, raw",33.3,5.4945,5.4945,0,71.595
190203,"d","Onions, raw",42,0.42,0.042,3.36,14.7
190203,"d","Pepper, capsicum, red, raw",100,0.8,0.2,4.3,21
190203,"d","Oil, sunflower",10,0,9.99,0,89.9
190203,"d","Pork, diced, raw, lean",100,21.4,4,0,122
190203,"br","chocolate,schegetten,nut",11,0.704,4.18,5.5,63.03
190203,"br","Oranges, flesh only",25,0.2,0.05,2.05,9
190203,"br","Cheese, Feta",26,4.056,5.252,0.39,65
190203,"br","Turkey, light meat, raw",100,24.4,0.8,0,105
190203,"br","Avocado, average, flesh only",100,1.9,19.5,1.9,190
190203,"br","mayoyo",25,0.225,1.64,0.275,16.86
190204,"b","Bread, white, average",36,2.7,1.44,17.28,95.04
190204,"b","Eggs, chicken, whole, raw",52,6.552,4.68,0,68.12
190204,"b","butter,clarified",5,0,2.5,0,22.5
190204,"l","Cabbage, average, raw",100,1.8,0.2,4.4,26
190204,"l","Potatoes, new and salad, flesh only, raw",150,2.55,0.15,24.15,102
190204,"l","butter,clarified",2.8,0,1.4,0,12.6
190204,"l","Milk, 1% fat, pasteurised",19.5,0.6825,0.195,0.936,7.995
190204,"l","Bacon rashers, back, raw",33.3,5.4945,5.4945,0,71.595
190204,"d","Onions, raw",42,0.42,0.042,3.36,14.7
190204,"d","Pepper, capsicum, red, raw",100,0.8,0.2,4.3,21
190204,"d","Oil, sunflower",10,0,9.99,0,89.9
190204,"d","Pork, diced, raw, lean",100,21.4,4,0,122
190204,"br","chocolate,schegetten,nut",11,0.704,4.18,5.5,63.03
190204,"br","Cheese, Feta",15,2.34,3.03,0.225,37.5
190204,"br","Turkey, light meat, raw",100,24.4,0.8,0,105
190204,"br","Avocado, average, flesh only",100,1.9,19.5,1.9,190
190204,"br","mayoyo",25,0.225,1.64,0.275,16.86
190204,"br","crunchy,dark",22,1.342,5.5,12.54,107.58
190205,"b","Bread, white, average",63,4.725,2.52,30.24,166.32
190205,"b","margarine",10,0,8.2,0,73.8
190206,"b","Bread, white, average",36,2.7,1.44,17.28,95.04
190206,"b","Eggs, chicken, whole, raw",52,6.552,4.68,0,68.12
190206,"b","margarine",5,0,4.1,0,36.9
190206,"l","Tomatoes, standard, raw",100,0.5,0.1,3,14
190206,"l","Potatoes, new and salad, flesh only, raw",150,2.55,0.15,24.15,102
190206,"l","Cod, flesh only, raw",100,17.5,0.6,0,75
190206,"l","Oil, sunflower",3.5,0,3.4965,0,31.465
190206,"d","Turkey, light meat, raw",150,36.6,1.2,0,157.5
190206,"d","Spinach, baby, raw",100,2.6,0.6,0.2,16
190206,"d","Tomato ketchup",20,0.32,0.02,5.72,23
190206,"d","mayoyo",25,0.225,1.64,0.275,16.86
190206,"br","Turkey, light meat, raw",100,24.4,0.8,0,105
190206,"br","Avocado, average, flesh only",100,1.9,19.5,1.9,190
190206,"br","mayoyo",25,0.225,1.64,0.275,16.86
190206,"br","chocolate,schegetten,nut",22,1.408,8.36,11,126.06
190207,"b","Bread, white, average",36,2.7,1.44,17.28,95.04
190207,"b","Eggs, chicken, whole, raw",52,6.552,4.68,0,68.12
190207,"b","margarine",5,0,4.1,0,36.9
190207,"l","Tomatoes, standard, raw",100,0.5,0.1,3,14
190207,"l","Potatoes, new and salad, flesh only, raw",150,2.55,0.15,24.15,102
190207,"l","Cod, flesh only, raw",100,17.5,0.6,0,75
190207,"l","Oil, sunflower",3.5,0,3.4965,0,31.465
190207,"d","Turkey, light meat, raw",150,36.6,1.2,0,157.5
190207,"d","Spinach, baby, raw",100,2.6,0.6,0.2,16
190207,"d","mayoyo",65,0.585,4.264,0.715,43.836
190207,"br","Turkey, light meat, raw",100,24.4,0.8,0,105
190207,"br","Avocado, average, flesh only",100,1.9,19.5,1.9,190
190207,"br","mayoyo",25,0.225,1.64,0.275,16.86
190207,"d","Tomato ketchup",20,0.32,0.02,5.72,23
190207,"br","chocolate,schegetten,nut",11,0.704,4.18,5.5,63.03
190207,"br","Oranges, flesh only",25,0.2,0.05,2.05,9
190207,"br","almond bites",13,2.184,5.148,4.238,74.62
190207,"br","salamini",45,5.85,7.65,0,200.25
190208,"b","Bread, white, average",36,2.7,1.44,17.28,95.04
190208,"b","Eggs, chicken, whole, raw",52,6.552,4.68,0,68.12
190208,"b","margarine",5,0,4.1,0,36.9
190208,"l","Tomatoes, standard, raw",100,0.5,0.1,3,14
190208,"l","Potatoes, new and salad, flesh only, raw",150,2.55,0.15,24.15,102
190208,"l","Cod, flesh only, raw",100,17.5,0.6,0,75
190208,"l","Oil, sunflower",3.5,0,3.4965,0,31.465
190208,"d","Turkey, light meat, raw",150,36.6,1.2,0,157.5
190208,"d","Spinach, baby, raw",100,2.6,0.6,0.2,16
190208,"d","mayoyo",65,0.585,4.264,0.715,43.836
190208,"br","Pork, diced, raw, lean",100,21.4,4,0,122
190208,"br","Avocado, average, flesh only",100,1.9,19.5,1.9,190
190208,"l","mayoyo",50,0.45,3.28,0.55,33.72
190208,"d","Tomato ketchup",20,0.32,0.02,5.72,23
190208,"br","chocolate,schegetten,nut",22,1.408,8.36,11,126.06
190208,"br","bread,potato",20,2.6,0.62,9.4,53.2
190208,"br","almond bites",13,2.184,5.148,4.238,74.62
190208,"br","Oranges, flesh only",25,0.2,0.05,2.05,9
190210,"b","Bread, white, average",36,2.7,1.44,17.28,95.04
190210,"b","Eggs, chicken, whole, raw",52,6.552,4.68,0,68.12
190210,"b","margarine",5,0,4.1,0,36.9
190210,"l","Potatoes, new and salad, flesh only, raw",150,2.55,0.15,24.15,102
190210,"l","Tuna, canned in sunflower oil, drained",52,13.208,3.328,0,82.68
190210,"l","Onions, raw",52,0.52,0.052,4.16,18.2
190210,"br","almond bites",26,4.368,10.296,8.476,149.24
190210,"br","Oranges, flesh only",25,0.2,0.05,2.05,9
190210,"br","chocolate,schegetten,nut",16.5,1.056,6.27,8.25,94.545
190210,"d","Pork, diced, raw, lean",150,32.1,6,0,183
190210,"d","Oil, sunflower",15,0,14.985,0,134.85
190210,"br","Beef, braising steak, raw, lean",100,21.8,5.7,0,139
190210,"br","Avocado, average, flesh only",100,1.9,19.5,1.9,190
190210,"br","mayoyo",50,0.45,3.28,0.55,33.72
190211,"b","Bread, white, average",36,2.7,1.44,17.28,95.04
190211,"b","Eggs, chicken, whole, raw",52,6.552,4.68,0,68.12
190211,"b","margarine",5,0,4.1,0,36.9
190211,"l","Potatoes, new and salad, flesh only, raw",150,2.55,0.15,24.15,102
190211,"l","Tuna, canned in sunflower oil, drained",52,13.208,3.328,0,82.68
190211,"l","Onions, raw",52,0.52,0.052,4.16,18.2
190211,"br","chocolate,schegetten,nut",11,0.704,4.18,5.5,63.03
190211,"d","Pork, diced, raw, lean",150,32.1,6,0,183
190211,"d","passata",50,1.05,0.1,3.3,20.5
190211,"d","Oil, sunflower",15,0,14.985,0,134.85
190211,"br","Pork, diced, raw, lean",100,21.4,4,0,122
190211,"br","Avocado, average, flesh only",100,1.9,19.5,1.9,190
190211,"br","mayoyo",25,0.225,1.64,0.275,16.86
190211,"br","Cheese, Gouda",25,6.325,7.65,0,94.25
190211,"br","Ham",20,3.68,0.66,0.2,21.4
190213,"b","Bread, white, average",36,2.7,1.44,17.28,95.04
190213,"b","Eggs, chicken, whole, raw",52,6.552,4.68,0,68.12
190213,"b","margarine",5,0,4.1,0,36.9
190213,"l","Potatoes, new and salad, flesh only, raw",150,2.55,0.15,24.15,102
190213,"l","Tuna, canned in sunflower oil, drained",52,13.208,3.328,0,82.68
190213,"l","Onions, raw",52,0.52,0.052,4.16,18.2
190213,"d","Pork, diced, raw, lean",150,32.1,6,0,183
190213,"d","passata",50,1.05,0.1,3.3,20.5
190213,"d","Oil, sunflower",15,0,14.985,0,134.85
190213,"br","Ham",20,3.68,0.66,0.2,21.4
190213,"br","Avocado, average, flesh only",100,1.9,19.5,1.9,190
190213,"br","mayoyo",25,0.225,1.64,0.275,16.86
190213,"br","Turkey, light meat, raw",150,36.6,1.2,0,157.5
190214,"b","Ham",20,3.68,0.66,0.2,21.4
190214,"b","Bread, white, average",36,2.7,1.44,17.28,95.04
190214,"b","Eggs, chicken, whole, raw",52,6.552,4.68,0,68.12
190214,"b","margarine",5,0,4.1,0,36.9
190214,"br","chocolate,schegetten,nut",16.5,1.056,6.27,8.25,94.545
190214,"br","Avocado, average, flesh only",100,1.9,19.5,1.9,190
190214,"br","mayoyo",25,0.225,1.64,0.275,16.86
190214,"l","Potatoes, new and salad, flesh only, raw",150,2.55,0.15,24.15,102
190214,"l","Bacon rashers, back, raw",33.3,5.4945,5.4945,0,71.595
190214,"l","passata",100,2.1,0.2,6.6,41
190214,"l","Cheese, Ricotta",30,2.82,3.3,0.6,43.2
190214,"d","Turkey, light meat, raw",150,36.6,1.2,0,157.5
190214,"d","Pepper, capsicum, red, raw",40,0.32,0.08,1.72,8.4
190214,"d","Tomatoes, standard, raw",50,0.25,0.05,1.5,7
190214,"d","Cream, dairy, extra thick (24% fat)",62.5,1.8125,14.6875,2.125,147.5
190214,"br","almond bites",13,2.184,5.148,4.238,74.62
190215,"b","Bread, white, average",36,2.7,1.44,17.28,95.04
190215,"b","Eggs, chicken, whole, raw",52,6.552,4.68,0,68.12
190215,"b","margarine",5,0,4.1,0,36.9
190215,"br","chocolate,schegetten,nut",5.5,0.352,2.09,2.75,31.515
190215,"br","Avocado, average, flesh only",50,0.95,9.75,0.95,95
190215,"br","mayoyo",13,0.117,0.8528,0.143,8.7672
190215,"l","Potatoes, new and salad, flesh only, raw",150,2.55,0.15,24.15,102
190215,"l","Bacon rashers, back, raw",33.3,5.4945,5.4945,0,71.595
190215,"l","passata",100,2.1,0.2,6.6,41
190215,"l","Cheese, Mozzarella, fresh",30,5.58,6.09,0,77.1
190215,"d","Turkey, light meat, raw",150,36.6,1.2,0,157.5
190215,"d","Pepper, capsicum, red, raw",60,0.48,0.12,2.58,12.6
190215,"d","Tomatoes, standard, raw",50,0.25,0.05,1.5,7
190215,"d","Cream, dairy, extra thick (24% fat)",62.5,1.8125,14.6875,2.125,147.5
190215,"br","almond bites",13,2.184,5.148,4.238,74.62
190215,"br","Mango, unripe, green flesh, raw",200,1,0.4,22.4,92
190215,"br","Nuts, mixed",20,4.76,9.82,2.32,116.2
190216,"b","Bread, white, average",36,2.7,1.44,17.28,95.04
190216,"b","Eggs, chicken, whole, raw",52,6.552,4.68,0,68.12
190216,"b","margarine",5,0,4.1,0,36.9
190216,"br","chocolate,schegetten,nut",11,0.704,4.18,5.5,63.03
190216,"br","mayoyo",25,0.225,1.64,0.275,16.86
190216,"l","Potatoes, new and salad, flesh only, raw",150,2.55,0.15,24.15,102
190216,"l","Bacon rashers, back, raw",33.3,5.4945,5.4945,0,71.595
190216,"l","passata",100,2.1,0.2,6.6,41
190216,"l","Cheese, Mozzarella, fresh",20,3.72,4.06,0,51.4
190216,"d","Turkey, light meat, raw",450,109.8,3.6,0,472.5
190216,"d","Pepper, capsicum, red, raw",60,0.48,0.12,2.58,12.6
190216,"d","Tomatoes, standard, raw",50,0.25,0.05,1.5,7
190216,"d","Cream, dairy, extra thick (24% fat)",120,3.48,28.2,4.08,283.2
190216,"br","Oranges, flesh only",50,0.4,0.1,4.1,18
190218,"b","Bread, white, average",36,2.7,1.44,17.28,95.04
190218,"b","Eggs, chicken, whole, raw",52,6.552,4.68,0,68.12
190218,"b","butter,clarified",5,0,2.5,0,22.5
190218,"br","almond bites",13,2.184,5.148,4.238,74.62
190218,"d","Pork, diced, raw, lean",150,32.1,6,0,183
190218,"d","Oil, sunflower",5,0,4.995,0,44.95
190218,"d","Aubergine, raw",150,1.35,0.6,3.3,22.5
190218,"br","chocolate,schegetten,nut",11,0.704,4.18,5.5,63.03
190218,"br","Oranges, flesh only",25,0.2,0.05,2.05,9
190218,"br","Beef, braising steak, raw, lean",100,21.8,5.7,0,139
190218,"br","Avocado, average, flesh only",50,0.95,9.75,0.95,95
190218,"br","mayoyo",8,0.072,0.5248,0.088,5.3952
190218,"l","Lentils, green and brown, whole, dried, raw",40,9.72,0.76,19.52,118.8
190218,"l","Cabbage, average, raw",75,1.35,0.15,3.3,19.5
190218,"l","Tomatoes, standard, raw",100,0.5,0.1,3,14
190218,"l","Bacon rashers, back, raw",33.3,5.4945,5.4945,0,71.595
190219,"b","Bread, white, average",36,2.7,1.44,17.28,95.04
190219,"b","Eggs, chicken, whole, raw",52,6.552,4.68,0,68.12
190219,"b","butter,clarified",5,0,2.5,0,22.5
190219,"br","almond bites",26,4.368,10.296,8.476,149.24
190219,"d","Pork, diced, raw, lean",150,32.1,6,0,183
190219,"d","Oil, sunflower",5,0,4.995,0,44.95
190219,"d","Aubergine, raw",150,1.35,0.6,3.3,22.5
190219,"br","chocolate,schegetten,nut",11,0.704,4.18,5.5,63.03
190219,"br","Beef, braising steak, raw, lean",100,21.8,5.7,0,139
190219,"br","Avocado, average, flesh only",50,0.95,9.75,0.95,95
190219,"br","mayoyo",15,0.135,0.984,0.165,10.116
190219,"l","Lentils, green and brown, whole, dried, raw",40,9.72,0.76,19.52,118.8
190219,"l","Cabbage, average, raw",75,1.35,0.15,3.3,19.5
190219,"l","Tomatoes, standard, raw",100,0.5,0.1,3,14
190219,"l","Bacon rashers, back, raw",33.3,5.4945,5.4945,0,71.595
190219,"br","Cheese, Mozzarella, fresh",30,5.58,6.09,0,77.1
190220,"b","Bread, white, average",36,2.7,1.44,17.28,95.04
190220,"b","Eggs, chicken, whole, raw",52,6.552,4.68,0,68.12
190220,"b","butter,clarified",5,0,2.5,0,22.5
190220,"br","almond bites",26,4.368,10.296,8.476,149.24
190220,"d","Pork, diced, raw, lean",150,32.1,6,0,183
190220,"d","Oil, sunflower",5,0,4.995,0,44.95
190220,"d","Aubergine, raw",150,1.35,0.6,3.3,22.5
190220,"br","chocolate,schegetten,nut",11,0.704,4.18,5.5,63.03
190220,"br","Beef, braising steak, raw, lean",100,21.8,5.7,0,139
190220,"br","Avocado, average, flesh only",65,1.235,12.675,1.235,123.5
190220,"br","mayoyo",15,0.135,0.984,0.165,10.116
190220,"br","Tomatoes, standard, raw",91,0.455,0.091,2.73,12.74
190220,"l","Lentils, green and brown, whole, dried, raw",40,9.72,0.76,19.52,118.8
190220,"l","Cabbage, average, raw",75,1.35,0.15,3.3,19.5
190220,"l","Tomatoes, standard, raw",100,0.5,0.1,3,14
190220,"l","Bacon rashers, back, raw",33.3,5.4945,5.4945,0,71.595
190220,"br","Cheese, Mozzarella, fresh",25,4.65,5.075,0,64.25
190222,"b","Bread, white, average",36,2.7,1.44,17.28,95.04
190222,"b","Eggs, chicken, whole, raw",52,6.552,4.68,0,68.12
190222,"b","butter,clarified",5,0,2.5,0,22.5
190222,"d","Turkey, light meat, raw",150,36.6,1.2,0,157.5
190222,"d","Pepper, capsicum, red, raw",100,0.8,0.2,4.3,21
190222,"d","Yogurt, low fat, plain",50,2.4,0.5,3.9,28.5
190222,"d","Onions, raw",42,0.42,0.042,3.36,14.7
190222,"d","Tomatoes, standard, raw",50,0.25,0.05,1.5,7
190222,"l","Cabbage, average, raw",85,1.53,0.17,3.74,22.1
190222,"l","Potatoes, new and salad, flesh only, raw",140,2.38,0.14,22.54,95.2
190222,"l","butter,clarified",2.5,0,1.25,0,11.25
190222,"l","Milk, 1% fat, pasteurised",17,0.595,0.17,0.816,6.97
190222,"l","Bacon rashers, back, raw",33,5.445,5.445,0,70.95
190222,"br","Avocado, average, flesh only",1,0.019,0.195,0.019,1.9
190222,"br","mayoyo",15,0.135,0.984,0.165,10.116
190222,"br","Turkey, light meat, raw",100,24.4,0.8,0,105
190222,"br","almond bites",13,2.184,5.148,4.238,74.62
190222,"br","chocolate,schegetten,nut",5.5,0.352,2.09,2.75,31.515
190222,"br","Cheese, Feta",50,7.8,10.1,0.75,125
190223,"b","Bread, white, average",36,2.7,1.44,17.28,95.04
190223,"b","Eggs, chicken, whole, raw",52,6.552,4.68,0,68.12
190223,"b","Cheese, Feta",15,2.34,3.03,0.225,37.5
190223,"d","Turkey, light meat, raw",150,36.6,1.2,0,157.5
190223,"d","Pepper, capsicum, red, raw",111.7,0.8936,0.2234,4.8031,23.457
190223,"d","Onions, raw",35.3,0.353,0.0353,2.824,12.355
190223,"d","Tomatoes, standard, raw",37,0.185,0.037,1.11,5.18
190223,"b","Bacon rashers, back, raw",15,2.475,2.475,0,32.25
190223,"br","Avocado, average, flesh only",66,1.254,12.87,1.254,125.4
190223,"br","mayoyo",15,0.135,0.984,0.165,10.116
190223,"br","Turkey, light meat, raw",100,24.4,0.8,0,105
190223,"br","almond bites",26,4.368,10.296,8.476,149.24
190223,"br","chocolate,schegetten,nut",11,0.704,4.18,5.5,63.03
190223,"br","Cheese, Feta",50,7.8,10.1,0.75,125
190223,"l","crepes,choco",32,2.24,6.848,17.952,144
190224,"b","Bread, white, average",36,2.7,1.44,17.28,95.04
190224,"b","Eggs, chicken, whole, raw",52,6.552,4.68,0,68.12
190224,"b","butter,clarified",5,0,2.5,0,22.5
190224,"d","Turkey, light meat, raw",150,36.6,1.2,0,157.5
190224,"d","Pepper, capsicum, red, raw",111.7,0.8936,0.2234,4.8031,23.457
190224,"d","mayoyo",15,0.135,0.984,0.165,10.116
190224,"d","Onions, raw",35.3,0.353,0.0353,2.824,12.355
190224,"d","Tomatoes, standard, raw",37,0.185,0.037,1.11,5.18
190224,"l","Cabbage, average, raw",75,1.35,0.15,3.3,19.5
190224,"l","Potatoes, new and salad, flesh only, raw",150,2.55,0.15,24.15,102
190224,"l","butter,clarified",2.5,0,1.25,0,11.25
190224,"l","Milk, 1% fat, pasteurised",17.75,0.62125,0.1775,0.852,7.2775
190224,"l","Bacon rashers, back, raw",66,10.89,10.89,0,141.9
190224,"l","mayoyo",15,0.135,0.984,0.165,10.116
190224,"br","Avocado, average, flesh only",50,0.95,9.75,0.95,95
190224,"br","mayoyo",15,0.135,0.984,0.165,10.116
190224,"br","Turkey, light meat, raw",150,36.6,1.2,0,157.5
190224,"br","almond bites",13,2.184,5.148,4.238,74.62
190224,"br","chocolate,schegetten,nut",11,0.704,4.18,5.5,63.03
190224,"br","Cheese, Feta",70,10.92,14.14,1.05,175
190225,"b","Bread, white, average",36,2.7,1.44,17.28,95.04
190225,"b","Eggs, chicken, whole, raw",52,6.552,4.68,0,68.12
190225,"b","butter,clarified",5,0,2.5,0,22.5
190225,"d","Turkey, light meat, raw",150,36.6,1.2,0,157.5
190225,"d","Pepper, capsicum, red, raw",111.7,0.8936,0.2234,4.8031,23.457
190225,"d","mayoyo",15,0.135,0.984,0.165,10.116
190225,"d","Onions, raw",35.3,0.353,0.0353,2.824,12.355
190225,"d","Tomatoes, standard, raw",37,0.185,0.037,1.11,5.18
190225,"l","Cabbage, average, raw",75,1.35,0.15,3.3,19.5
190225,"l","Potatoes, new and salad, flesh only, raw",150,2.55,0.15,24.15,102
190225,"l","butter,clarified",2.5,0,1.25,0,11.25
190225,"l","Milk, 1% fat, pasteurised",17.75,0.62125,0.1775,0.852,7.2775
190225,"l","Tuna, canned in sunflower oil, drained",52,13.208,3.328,0,82.68
190225,"l","mayoyo",15,0.135,0.984,0.165,10.116
190225,"br","Avocado, average, flesh only",76,1.444,14.82,1.444,144.4
190225,"br","mayoyo",15,0.135,0.984,0.165,10.116
190225,"br","Turkey, light meat, raw",150,36.6,1.2,0,157.5
190225,"br","chocolate,schegetten,nut",11,0.704,4.18,5.5,63.03
190225,"br","Cheese, Feta",50,7.8,10.1,0.75,125
190225,"br","crepes,choco",32,2.24,6.848,17.952,144
190303,"b","Bread, white, average",36,2.7,1.44,17.28,95.04
190303,"b","Eggs, chicken, whole, raw",52,6.552,4.68,0,68.12
190303,"b","butter,clarified",5,0,2.5,0,22.5
190303,"br","chocolate,schegetten,nut",33,2.112,12.54,16.5,189.09
190303,"d","Potatoes, new and salad, flesh only, raw",150,2.55,0.15,24.15,102
190303,"d","Tomatoes, standard, raw",50,0.25,0.05,1.5,7
190303,"d","Tuna, canned in sunflower oil, drained",52,13.208,3.328,0,82.68
190303,"d","Cucumber, raw, flesh and skin",200,2,1.2,2.4,28
190303,"l","Cabbage, average, raw",60,1.08,0.12,2.64,15.6
190303,"l","Beef, mince, raw",150,29.55,24.3,0,337.5
190303,"l","Onions, raw",11.3,0.113,0.0113,0.904,3.955
190303,"br","Avocado, average, flesh only",76,1.444,14.82,1.444,144.4
190303,"br","mayoyo",15,0.135,0.984,0.165,10.116
190303,"br","Chicken, light meat, raw",150,36,1.65,0,159
190305,"b","Bread, white, average",36,2.7,1.44,17.28,95.04
190305,"b","Eggs, chicken, whole, raw",52,6.552,4.68,0,68.12
190305,"b","butter,clarified",5,0,2.5,0,22.5
190305,"br","chocolate,schegetten,nut",16,1.024,6.08,8,91.68
190305,"d","shirataki,noodles",95,0,0,3.8,19
190305,"d","Vinegar, rice",2,0.08,0,0.1,1.2
190305,"d","Soy sauce, light and dark varieties",5,0.15,0,0.895,3.95
190305,"d","Tomatoes, standard, raw",80,0.4,0.08,2.4,11.2
190305,"d","Tuna, canned in sunflower oil, drained",52,13.208,3.328,0,82.68
190305,"d","Mushrooms, white, raw",160,1.6,0.32,0.48,11.2
190305,"l","Cabbage, average, raw",60,1.08,0.12,2.64,15.6
190305,"l","Beef, mince, raw",150,29.55,24.3,0,337.5
190305,"l","Onions, raw",11.3,0.113,0.0113,0.904,3.955
190305,"br","Avocado, average, flesh only",76,1.444,14.82,1.444,144.4
190305,"br","mayoyo",15,0.135,0.984,0.165,10.116
190305,"br","Chicken, light meat, raw",150,36,1.65,0,159
190305,"br","mochi",35,0.735,0.7,24.675,107.8
190306,"b","Bread, white, average",36,2.7,1.44,17.28,95.04
190306,"b","Eggs, chicken, whole, raw",52,6.552,4.68,0,68.12
190306,"b","butter,clarified",5,0,2.5,0,22.5
190306,"br","chocolate,schegetten,nut",16,1.024,6.08,8,91.68
190306,"d","shirataki,noodles",95,0,0,3.8,19
190306,"d","Vinegar, rice",5,0.2,0,0.25,3
190306,"d","Soy sauce, light and dark varieties",6,0.18,0,1.074,4.74
190306,"d","Tomatoes, standard, raw",80,0.4,0.08,2.4,11.2
190306,"d","Tuna, canned in sunflower oil, drained",52,13.208,3.328,0,82.68
190306,"d","Cucumber, raw, flesh and skin",120,1.2,0.72,1.44,16.8
190306,"l","Cabbage, average, raw",60,1.08,0.12,2.64,15.6
190306,"l","Beef, mince, raw",150,29.55,24.3,0,337.5
190306,"l","Onions, raw",11.3,0.113,0.0113,0.904,3.955
190306,"br","Avocado, average, flesh only",76,1.444,14.82,1.444,144.4
190306,"br","mayoyo",15,0.135,0.984,0.165,10.116
190306,"br","Chicken, light meat, raw",150,36,1.65,0,159
190306,"br","mochi",35,0.735,0.7,24.675,107.8
190308,"b","Bread, white, average",36,2.7,1.44,17.28,95.04
190308,"b","Eggs, chicken, whole, raw",52,6.552,4.68,0,68.12
190308,"b","butter,clarified",5,0,2.5,0,22.5
190308,"d","Beef, braising steak, raw, lean",150,32.7,8.55,0,208.5
190308,"d","Aubergine, raw",233,2.097,0.932,5.126,34.95
190308,"d","Mushrooms, white, raw",166.7,1.667,0.3334,0.5001,11.669
190308,"d","Oil, sunflower",12,0,11.988,0,107.88
190308,"d","Onions, raw",10,0.1,0.01,0.8,3.5
190308,"l","Tomatoes, standard, raw",88,0.44,0.088,2.64,12.32
190308,"l","Cucumber, raw, flesh and skin",111,1.11,0.666,1.332,15.54
190308,"l","Potatoes, new and salad, flesh only, raw",150,2.55,0.15,24.15,102
190308,"l","Tuna, canned in sunflower oil, drained",52,13.208,3.328,0,82.68
190308,"br","Avocado, average, flesh only",84,1.596,16.38,1.596,159.6
190308,"br","mayoyo",15,0.135,0.984,0.165,10.116
190308,"br","Turkey, light meat, raw",100,24.4,0.8,0,105
190308,"br","chocolate,schegetten,nut",11,0.704,4.18,5.5,63.03
190308,"br","Melon, Galia, flesh only",125,0.625,0.125,7,30
190309,"b","Bread, white, average",36,2.7,1.44,17.28,95.04
190309,"b","Eggs, chicken, whole, raw",52,6.552,4.68,0,68.12
190309,"b","butter,clarified",5,0,2.5,0,22.5
190309,"d","Beef, braising steak, raw, lean",150,32.7,8.55,0,208.5
190309,"d","Aubergine, raw",233,2.097,0.932,5.126,34.95
190309,"d","Mushrooms, white, raw",166.7,1.667,0.3334,0.5001,11.669
190309,"d","Oil, sunflower",12,0,11.988,0,107.88
190309,"d","Onions, raw",10,0.1,0.01,0.8,3.5
190309,"l","Tomatoes, standard, raw",76,0.38,0.076,2.28,10.64
190309,"l","Cucumber, raw, flesh and skin",100,1,0.6,1.2,14
190309,"l","Potatoes, new and salad, flesh only, raw",150,2.55,0.15,24.15,102
190309,"l","Tuna, canned in sunflower oil, drained",52,13.208,3.328,0,82.68
190309,"br","Avocado, average, flesh only",74,1.406,14.43,1.406,140.6
190309,"br","mayoyo",30,0.27,1.968,0.33,20.232
190309,"br","Turkey, light meat, raw",100,24.4,0.8,0,105
190309,"br","chocolate,schegetten,nut",11,0.704,4.18,5.5,63.03
190310,"b","Bread, white, average",36,2.7,1.44,17.28,95.04
190310,"b","Eggs, chicken, whole, raw",52,6.552,4.68,0,68.12
190310,"b","butter,clarified",5,0,2.5,0,22.5
190310,"d","Beef, braising steak, raw, lean",150,32.7,8.55,0,208.5
190310,"d","Aubergine, raw",233,2.097,0.932,5.126,34.95
190310,"d","Mushrooms, white, raw",166.7,1.667,0.3334,0.5001,11.669
190310,"d","Oil, sunflower",12,0,11.988,0,107.88
190310,"d","Onions, raw",10,0.1,0.01,0.8,3.5
190310,"l","Tomatoes, standard, raw",76,0.38,0.076,2.28,10.64
190310,"l","Potatoes, new and salad, flesh only, raw",150,2.55,0.15,24.15,102
190310,"l","Tuna, canned in sunflower oil, drained",100,25.4,6.4,0,159
190310,"br","Avocado, average, flesh only",46,0.874,8.97,0.874,87.4
190310,"br","mayoyo",15,0.135,0.984,0.165,10.116
190310,"br","Turkey, light meat, raw",100,24.4,0.8,0,105
190310,"br","chocolate,schegetten,nut",22,1.408,8.36,11,126.06
190312,"b","Bread, white, average",36,2.7,1.44,17.28,95.04
190312,"b","Eggs, chicken, whole, raw",52,6.552,4.68,0,68.12
190312,"b","butter,clarified",5,0,2.5,0,22.5
190312,"d","Turkey, light meat, raw",100,24.4,0.8,0,105
190312,"d","Coconut milk, retail",50,0.55,8.45,1.65,84.5
190312,"d","Pepper, capsicum, red, raw",50,0.4,0.1,2.15,10.5
190312,"d","Onions, raw",27,0.27,0.027,2.16,9.45
190312,"l","Potatoes, new and salad, flesh only, raw",127,2.159,0.127,20.447,86.36
190312,"l","butter,clarified",2.8,0,1.4,0,12.6
190312,"l","Cream, dairy, extra thick (24% fat)",25,0.725,5.875,0.85,59
190312,"l","Cheese, Mozzarella, fresh",62,11.532,12.586,0,159.34
190312,"l","Tomatoes, standard, raw",76,0.38,0.076,2.28,10.64
190312,"br","Avocado, average, flesh only",50,0.95,9.75,0.95,95
190312,"br","mayoyo",15,0.135,0.984,0.165,10.116
190312,"br","Turkey, light meat, raw",100,24.4,0.8,0,105
190312,"br","chocolate,nut,dark",11,0.946,4.873,3.784,64.57
190312,"br","Ham,parmacotto",20,3.8,1.6,0.1,30
190312,"br","Bread, white, average",15,1.125,0.6,7.2,39.6
190312,"br","Jam, fruit with edible seeds",8,0.048,0,5.52,20.88
190313,"b","Bread, white, average",36,2.7,1.44,17.28,95.04
190313,"b","Eggs, chicken, whole, raw",52,6.552,4.68,0,68.12
190313,"b","butter,clarified",5,0,2.5,0,22.5
190313,"d","Turkey, light meat, raw",100,24.4,0.8,0,105
190313,"d","Coconut milk, retail",50,0.55,8.45,1.65,84.5
190313,"d","Pepper, capsicum, red, raw",50,0.4,0.1,2.15,10.5
190313,"d","Onions, raw",27,0.27,0.027,2.16,9.45
190313,"l","Potatoes, new and salad, flesh only, raw",127,2.159,0.127,20.447,86.36
190313,"l","butter,clarified",2.8,0,1.4,0,12.6
190313,"l","Cream, dairy, extra thick (24% fat)",25,0.725,5.875,0.85,59
190313,"l","Cheese, Mozzarella, fresh",62,11.532,12.586,0,159.34
190313,"l","Tomatoes, standard, raw",76,0.38,0.076,2.28,10.64
190313,"br","Avocado, average, flesh only",39,0.741,7.605,0.741,74.1
190313,"br","mayoyo",15,0.135,0.984,0.165,10.116
190313,"br","Frankfuter,mixed",100,12,18,4,226
190313,"br","chocolate,nut,dark",8,0.688,3.544,2.752,46.96
190313,"br","Ham,parmacotto",20,3.8,1.6,0.1,30
190313,"br","Bread, white, average",15,1.125,0.6,7.2,39.6
190313,"br","Jam, fruit with edible seeds",8,0.048,0,5.52,20.88
190315,"b","Bread, white, average",38,2.85,1.52,18.24,100.32
190315,"b","Eggs, chicken, whole, raw",50,6.3,4.5,0,65.5
190315,"b","butter,clarified",5,0,2.5,0,22.5
190315,"d","Turkey, light meat, raw",125,30.5,1,0,131.25
190315,"d","Coconut milk, retail",50,0.55,8.45,1.65,84.5
190315,"d","Pepper, capsicum, red, raw",50,0.4,0.1,2.15,10.5
190315,"d","Onions, raw",27,0.27,0.027,2.16,9.45
190315,"l","Potatoes, new and salad, flesh only, raw",80,1.36,0.08,12.88,54.4
190315,"l","Spring onions, bulbs and tops, raw",10,0.2,0.05,0.3,2.3
190315,"l","Cheese, cottage, plain",60,5.64,3.6,1.86,61.8
190315,"l","Tomatoes, standard, raw",76,0.38,0.076,2.28,10.64
190315,"br","mayoyo",15,0.135,0.984,0.165,10.116
190315,"br","Frankfuter,mixed",100,12,18,4,226
190315,"br","chocolate,nut,dark",4,0.344,1.772,1.376,23.48
190315,"br","Cake, sponge, homemade",35,2.24,9.24,18.585,162.05
190315,"br","Cheese, Gouda",28,7.084,8.568,0,105.56
190316,"b","Bread, white, average",36,2.7,1.44,17.28,95.04
190316,"b","Eggs, chicken, whole, raw",50,6.3,4.5,0,65.5
190316,"b","butter,clarified",4,0,2,0,18
190316,"d","Turkey, light meat, raw",125,30.5,1,0,131.25
190316,"d","Coconut milk, retail",50,0.55,8.45,1.65,84.5
190316,"d","Pepper, capsicum, red, raw",50,0.4,0.1,2.15,10.5
190316,"d","Onions, raw",27,0.27,0.027,2.16,9.45
190316,"l","Potatoes, new and salad, flesh only, raw",80,1.36,0.08,12.88,54.4
190316,"l","Spring onions, bulbs and tops, raw",12,0.24,0.06,0.36,2.76
190316,"l","Turkey, meat, average, raw",87,19.662,1.392,0,91.35
190316,"l","Tomatoes, standard, raw",95,0.475,0.095,2.85,13.3
190316,"br","mayoyo",30,0.27,1.968,0.33,20.232
190316,"br","Turkey, light meat, raw",125,30.5,1,0,131.25
190316,"br","chocolate,nut,dark",4,0.344,1.772,1.376,23.48
190316,"br","Cake, sponge, homemade",35,2.24,9.24,18.585,162.05
190316,"br","Cheese, Gouda",28,7.084,8.568,0,105.56
190318,"b","Bread, white, average",36,2.7,1.44,17.28,95.04
190318,"b","Eggs, chicken, whole, raw",50,6.3,4.5,0,65.5
190318,"b","butter,clarified",4,0,2,0,18
190318,"d","Turkey, light meat, raw",150,36.6,1.2,0,157.5
190318,"br","Cheese, Gouda",28,7.084,8.568,0,105.56
190318,"d","Artichoke, globe, boiled, weighed as served",110,1.32,0.11,1.32,8.8
190318,"d","mayoyo",30,0.27,1.968,0.33,20.232
190318,"l","Cheesecake",110,3.575,6.281,7.227,100.485
190318,"br","Cheesecake",98,3.185,5.5958,6.4386,89.523
190318,"br","Breakfast cereal, puffed wheat, honey coated, fortified",33,1.551,0.396,28.644,117.15
190319,"b","Bread, white, average",36,2.7,1.44,17.28,95.04
190319,"b","Eggs, chicken, whole, raw",52,6.552,4.68,0,68.12
190319,"b","butter,clarified",5,0,2.5,0,22.5
190319,"l","Lentils, green and brown, whole, dried, raw",40,9.72,0.76,19.52,118.8
190319,"l","Cabbage, average, raw",75,1.35,0.15,3.3,19.5
190319,"l","Tomatoes, standard, raw",100,0.5,0.1,3,14
190319,"l","Ham",85,15.64,2.805,0.85,90.95
190319,"d","Turkey, light meat, raw",150,36.6,1.2,0,157.5
190319,"d","Artichoke, globe, boiled, weighed as served",110,1.32,0.11,1.32,8.8
190319,"d","mayoyo",45,0.405,2.952,0.495,30.348
190319,"br","Avocado, average, flesh only",75,1.425,14.625,1.425,142.5
190319,"br","mayoyo",30,0.27,1.968,0.33,20.232
190319,"br","Turkey, light meat, raw",130,31.72,1.04,0,136.5
190319,"br","Spinach, frozen, boiled in unsalted water",45,1.395,0.36,0.225,9.45
190319,"br","Cheesecake",150,4.875,8.565,9.855,137.025
190320,"b","Bread, white, average",40,3,1.6,19.2,105.6
190320,"b","Eggs, chicken, whole, raw",52,6.552,4.68,0,68.12
190320,"b","butter,clarified",4,0,2,0,18
190320,"l","Lentils, green and brown, whole, dried, raw",40,9.72,0.76,19.52,118.8
190320,"l","Cabbage, average, raw",75,1.35,0.15,3.3,19.5
190320,"l","Tomatoes, standard, raw",100,0.5,0.1,3,14
190320,"l","Ham",85,15.64,2.805,0.85,90.95
190320,"d","Turkey, light meat, raw",150,36.6,1.2,0,157.5
190320,"d","Artichoke, globe, boiled, weighed as served",186,2.232,0.186,2.232,14.88
190320,"d","mayoyo",45,0.405,2.952,0.495,30.348
190320,"br","Avocado, average, flesh only",35,0.665,6.825,0.665,66.5
190320,"br","mayoyo",40,0.36,2.624,0.44,26.976
190320,"br","Turkey, light meat, raw",130,31.72,1.04,0,136.5
190320,"br","Spinach, frozen, boiled in unsalted water",45,1.395,0.36,0.225,9.45
190320,"br","Cheesecake",95,3.0875,5.4245,6.2415,86.7825
190320,"br","chocolate,nut,dark",4,0.344,1.772,1.376,23.48
190320,"br","Bread, white, average",10,0.75,0.4,4.8,26.4
190320,"br","Jam, fruit with edible seeds",5,0.03,0,3.45,13.05
190323,"b","Bread, white, average",36,2.7,1.44,17.28,95.04
190323,"b","Eggs, chicken, whole, raw",52,6.552,4.68,0,68.12
190323,"b","butter,clarified",4,0,2,0,18
190323,"l","Potatoes, new and salad, flesh only, raw",120,2.04,0.12,19.32,81.6
190323,"l","Spring onions, bulbs and tops, raw",28,0.56,0.14,0.84,6.44
190323,"l","Cheese, cottage, plain",200,18.8,12,6.2,206
190323,"br","Cheesecake",112,3.64,6.3952,7.3584,102.312
190323,"br","Avocado, average, flesh only",57,1.083,11.115,1.083,108.3
190323,"br","mayoyo",15,0.135,0.984,0.165,10.116
190323,"br","Beef, braising steak, raw, lean",40,8.72,2.28,0,55.6
190323,"d","Beef, braising steak, raw, lean",150,32.7,8.55,0,208.5
190323,"d","mayoyo",30,0.27,1.968,0.33,20.232
190323,"d","Tomatoes, standard, raw",115,0.575,0.115,3.45,16.1
190323,"br","mixed nuts with honey",20,2.92,6.54,8.78,107.2
190323,"br","chocolate,nut,dark",5,0.43,2.215,1.72,29.35
190325,"b","Bread, white, average",36,2.7,1.44,17.28,95.04
190325,"b","Eggs, chicken, whole, raw",87,10.962,7.83,0,113.97
190325,"b","butter,clarified",4,0,2,0,18
190325,"l","Potatoes, new and salad, flesh only, raw",138.7,2.3579,0.1387,22.3307,94.316
190325,"l","Tuna, canned in sunflower oil, drained",66.7,16.9418,4.2688,0,106.053
190325,"l","Onions, raw",71.3,0.713,0.0713,5.704,24.955
190325,"l","Cream, dairy, extra thick (24% fat)",118,3.422,27.73,4.012,278.48
190325,"l","Cabbage, average, raw",59,1.062,0.118,2.596,15.34
190325,"d","Turkey, light meat, raw",150,36.6,1.2,0,157.5
190325,"d","mayoyo",30,0.27,1.968,0.33,20.232
190325,"d","Aubergine, raw",100,0.9,0.4,2.2,15
190325,"br","Cheesecake",112,3.64,6.3952,7.3584,102.312
190325,"br","Avocado, average, flesh only",74,1.406,14.43,1.406,140.6
190325,"br","mayoyo",15,0.135,0.984,0.165,10.116
190325,"br","Turkey, light meat, raw",100,24.4,0.8,0,105
190326,"b","Bread, white, average",36,2.7,1.44,17.28,95.04
190326,"b","Eggs, chicken, whole, raw",42,5.292,3.78,0,55.02
190326,"b","butter,clarified",4,0,2,0,18
190326,"l","Potatoes, new and salad, flesh only, raw",138.7,2.3579,0.1387,22.3307,94.316
190326,"l","Tuna, canned in sunflower oil, drained",66.7,16.9418,4.2688,0,106.053
190326,"l","Onions, raw",71.3,0.713,0.0713,5.704,24.955
190326,"l","Cream, dairy, extra thick (24% fat)",118,3.422,27.73,4.012,278.48
190326,"l","Cabbage, average, raw",59,1.062,0.118,2.596,15.34
190326,"d","Turkey, light meat, raw",150,36.6,1.2,0,157.5
190326,"d","mayoyo",30,0.27,1.968,0.33,20.232
190326,"d","Aubergine, raw",100,0.9,0.4,2.2,15
190326,"br","Cheesecake",112,3.64,6.3952,7.3584,102.312
190326,"br","Avocado, average, flesh only",74,1.406,14.43,1.406,140.6
190326,"br","mayoyo",15,0.135,0.984,0.165,10.116
190326,"br","Turkey, light meat, raw",100,24.4,0.8,0,105
190405,"b","Bread, white, average",36,2.7,1.44,17.28,95.04
190405,"b","Eggs, chicken, whole, raw",47,5.922,4.23,0,61.57
190405,"b","butter,clarified",4,0,2,0,18
190405,"l","Potatoes, new and salad, flesh only, raw",139,2.363,0.139,22.379,94.52
190405,"l","Tuna, canned in sunflower oil, drained",50,12.7,3.2,0,79.5
190405,"l","Tomatoes, standard, raw",147,0.735,0.147,4.41,20.58
190405,"br","Apples, eating, raw, flesh and skin",87,0.522,0.435,10.092,44.37
190405,"br","Cheese, Mozzarella, fresh",30,5.58,6.09,0,77.1
190405,"d","Beef, braising steak, raw, lean",150,32.7,8.55,0,208.5
190405,"d","Cream, dairy, extra thick (24% fat)",45.5,1.3195,10.6925,1.547,107.38
190405,"d","Mushrooms, white, raw",150,1.5,0.3,0.45,10.5
190405,"br","Avocado, average, flesh only",57,1.083,11.115,1.083,108.3
190405,"br","mayoyo",15,0.135,0.984,0.165,10.116
190405,"br","Turkey, light meat, raw",100,24.4,0.8,0,105
190405,"br","almond bites",12,2.016,4.752,3.912,68.88
190406,"b","Bread, white, average",36,2.7,1.44,17.28,95.04
190406,"b","Eggs, chicken, whole, raw",47,5.922,4.23,0,61.57
190406,"b","butter,clarified",4,0,2,0,18
190406,"l","Potatoes, new and salad, flesh only, raw",139,2.363,0.139,22.379,94.52
190406,"l","Tuna, canned in sunflower oil, drained",50,12.7,3.2,0,79.5
190406,"l","Tomatoes, standard, raw",147,0.735,0.147,4.41,20.58
190406,"br","Apples, eating, raw, flesh and skin",87,0.522,0.435,10.092,44.37
190406,"br","Cheese, Mozzarella, fresh",60,11.16,12.18,0,154.2
190406,"d","Beef, braising steak, raw, lean",150,32.7,8.55,0,208.5
190406,"d","Cream, dairy, extra thick (24% fat)",45.5,1.3195,10.6925,1.547,107.38
190406,"d","Mushrooms, white, raw",150,1.5,0.3,0.45,10.5
190406,"br","Avocado, average, flesh only",75,1.425,14.625,1.425,142.5
190406,"br","mayoyo",15,0.135,0.984,0.165,10.116
190406,"br","Turkey, light meat, raw",100,24.4,0.8,0,105
190406,"br","almond bites",15,2.52,5.94,4.89,86.1
190408,"b","Bread, white, average",36,2.7,1.44,17.28,95.04
190408,"b","Eggs, chicken, whole, raw",47,5.922,4.23,0,61.57
190408,"b","butter,clarified",4,0,2,0,18
190408,"l","Potatoes, new and salad, flesh only, raw",150,2.55,0.15,24.15,102
190408,"l","Spring onions, bulbs and tops, raw",15,0.3,0.075,0.45,3.45
190408,"l","Cheese, cottage, plain",133.3,12.5302,7.998,4.1323,137.299
190408,"d","Tomatoes, standard, raw",100,0.5,0.1,3,14
190408,"d","Aubergine, raw",120,1.08,0.48,2.64,18
190408,"d","Turkey, light meat, raw",150,36.6,1.2,0,157.5
190408,"d","Cheese, Ricotta",10,0.94,1.1,0.2,14.4
190408,"br","Sugar, white",70,0,0,73.5,275.8
190408,"br","Strawberries, raw",400,2.4,2,24.4,120
190408,"br","almond bites",14,2.352,5.544,4.564,80.36
190713,"b","Bread, white, average",36,2.7,1.44,17.28,95.04
190713,"b","Eggs, chicken, whole, raw",52,6.552,4.68,0,68.12
190713,"b","butter,clarified",5,0,2.5,0,22.5
190713,"l","Tomatoes, standard, raw",130,0.65,0.13,3.9,18.2
190713,"l","Potatoes, new and salad, flesh only, raw",150,2.55,0.15,24.15,102
190713,"l","Frankfuter,mixed",125,15,22.5,5,282.5
190713,"l","mayoyo",15,0.135,0.984,0.165,10.116
190713,"br","Beef, braising steak, raw, lean",150,32.7,8.55,0,208.5
190713,"br","Avocado, average, flesh only",83,1.577,16.185,1.577,157.7
190713,"br","Cucumber, raw, flesh and skin",88,0.88,0.528,1.056,12.32
190713,"br","Lettuce, average, raw",36,0.432,0.036,0.504,3.96
190713,"br","mayoyo",15,0.135,0.984,0.165,10.116
190713,"d","Pork, diced, raw, lean",133,28.462,5.32,0,162.26
190713,"d","Cucumber, raw, flesh and skin",100,1,0.6,1.2,14
190713,"br","Figs, whole green fruit, raw",77,1.001,0.231,7.315,33.11
190714,"b","Bread, white, average",36,2.7,1.44,17.28,95.04
190714,"b","Eggs, chicken, whole, raw",52,6.552,4.68,0,68.12
190714,"b","butter,clarified",5,0,2.5,0,22.5
190714,"l","Lentils, green and brown, whole, dried, raw",50,12.15,0.95,24.4,148.5
190714,"l","Onions, raw",42,0.42,0.042,3.36,14.7
190714,"l","Pepper, capsicum, red, raw",65,0.52,0.13,2.795,13.65
190714,"br","Figs, whole green fruit, raw",40,0.52,0.12,3.8,17.2
190714,"d","Avocado, average, flesh only",120,2.28,23.4,2.28,228
190714,"d","Cucumber, raw, flesh and skin",150,1.5,0.9,1.8,21
190714,"d","Chicken, meat, average, raw",200,44.6,4.2,0,216
190714,"br","Bread, white, average",21,1.575,0.84,10.08,55.44
190714,"br","cheese, spread,milbona",31,1.395,7.595,0.93,78.12
190716,"b","Bread, white, average",36,2.7,1.44,17.28,95.04
190716,"b","Eggs, chicken, whole, raw",52,6.552,4.68,0,68.12
190716,"b","butter,clarified",5,0,2.5,0,22.5
190716,"l","Lentils, green and brown, whole, dried, raw",50,12.15,0.95,24.4,148.5
190716,"l","Onions, raw",42,0.42,0.042,3.36,14.7
190716,"l","Pepper, capsicum, red, raw",65,0.52,0.13,2.795,13.65
190716,"br","Bread, white, average",36,2.7,1.44,17.28,95.04
190716,"d","Avocado, average, flesh only",77,1.463,15.015,1.463,146.3
190716,"d","Chicken, meat, average, raw",200,44.6,4.2,0,216
190716,"br","Bread, white, average",21,1.575,0.84,10.08,55.44
190716,"br","cheese, spread,milbona",100,4.5,24.5,3,252
190716,"br","Cheesecake,alonds",135,10.53,49.68,5.265,510.84
190717,"b","Bread, white, average",36,2.7,1.44,17.28,95.04
190717,"b","Eggs, chicken, whole, raw",52,6.552,4.68,0,68.12
190717,"b","butter,clarified",5,0,2.5,0,22.5
190717,"l","Cheesecake,alonds",135,10.53,49.68,5.265,510.84
190717,"d","Pork, diced, raw, lean",200,42.8,8,0,244
190717,"d","Aubergine, raw",132,1.188,0.528,2.904,19.8
190717,"d","Tomatoes, standard, raw",132,0.66,0.132,3.96,18.48
190719,"b","Corn snacks",45,2.7,13.68,27.36,236.7
190719,"l","Potatoes, new and salad, flesh only, raw",150,2.55,0.15,24.15,102
190719,"l","Frankfuter,mixed",125,15,22.5,5,282.5
190719,"br","Cucumber, raw, flesh and skin",250,2.5,1.5,3,35
190719,"d","passata",250,5.25,0.5,16.5,102.5
190719,"d","Aubergine, raw",80,0.72,0.32,1.76,12
190719,"d","Onions, raw",42,0.42,0.042,3.36,14.7
190719,"d","Sausages, premium, raw",150,20.7,31.5,3.9,381
190720,"b","Bread, white, average",36,2.7,1.44,17.28,95.04
190720,"b","Eggs, chicken, whole, raw",52,6.552,4.68,0,68.12
190720,"b","butter,clarified",5,0,2.5,0,22.5
190720,"d","Aubergine, raw",80,0.72,0.32,1.76,12
190720,"d","Onions, raw",42,0.42,0.042,3.36,14.7
190720,"d","Sausages, premium, raw",150,20.7,31.5,3.9,381
190720,"d","Chicken, meat, average, raw",320,71.36,6.72,0,345.6
190720,"br","Biscuits, short, sweet",55,3.08,11.495,39.435,263.45
190827,"b","Bread, white, average",36,2.7,1.44,17.28,95.04
190827,"b","Eggs, chicken, whole, raw",52,6.552,4.68,0,68.12
190827,"b","butter,clarified",5,0,2.5,0,22.5
190827,"l","Onions, raw",42,0.42,0.042,3.36,14.7
190827,"l","Aubergine, raw",70,0.63,0.28,1.54,10.5
190827,"l","Tomatoes, standard, raw",170,0.85,0.17,5.1,23.8
190827,"l","Beef, braising steak, raw, lean",100,21.8,5.7,0,139
190827,"d","Turkey, light meat, raw",150,36.6,1.2,0,157.5
190827,"d","Avocado, average, flesh only",74,1.406,14.43,1.406,140.6
190827,"d","Cucumber, raw, flesh and skin",107,1.07,0.642,1.284,14.98
190827,"br","Bananas, flesh only",200,2.4,0.2,40.6,162
190827,"br","Creme caramel, retail",125,3.875,2.375,29.5,155
190827,"br","soba",70,10.22,0.7,49,248.5
190828,"b","Bread, white, average",36,2.7,1.44,17.28,95.04
190828,"b","Eggs, chicken, whole, raw",52,6.552,4.68,0,68.12
190828,"b","butter,clarified",5,0,2.5,0,22.5
190828,"l","Onions, raw",42,0.42,0.042,3.36,14.7
190828,"l","ricotta salata",7,1.232,1.974,0.497,22.19
190828,"l","Aubergine, raw",70,0.63,0.28,1.54,10.5
190828,"l","Tomatoes, standard, raw",170,0.85,0.17,5.1,23.8
190828,"l","Beef, braising steak, raw, lean",100,21.8,5.7,0,139
190828,"d","Turkey, light meat, raw",150,36.6,1.2,0,157.5
190828,"d","Avocado, average, flesh only",74,1.406,14.43,1.406,140.6
190828,"d","Cucumber, raw, flesh and skin",107,1.07,0.642,1.284,14.98
190828,"br","Peaches, flesh and skin, raw, weighed with stone",100,0.9,0.1,6.8,30
190828,"br","Creme caramel, retail",125,3.875,2.375,29.5,155
190828,"br","soba",70,10.22,0.7,49,248.5
190828,"br","Tortilla chips fried in sunflower oil",40,2.88,10.96,24.32,201.6
190828,"br","Mayonnaise, standard, retail",25,0.275,18.7,0.6,171.5
190830,"b","Bread, white, average",36,2.7,1.44,17.28,95.04
190830,"b","Eggs, chicken, whole, raw",52,6.552,4.68,0,68.12
190830,"b","butter,clarified",5,0,2.5,0,22.5
190830,"l","Onions, raw",42,0.42,0.042,3.36,14.7
190830,"l","ricotta salata",8,1.408,2.256,0.568,25.36
190830,"l","Aubergine, raw",70,0.63,0.28,1.54,10.5
190830,"l","Tomatoes, standard, raw",170,0.85,0.17,5.1,23.8
190830,"l","Beef, braising steak, raw, lean",100,21.8,5.7,0,139
190830,"d","Turkey, light meat, raw",150,36.6,1.2,0,157.5
190830,"d","Carrots, old, raw",113,0.565,0.452,8.701,38.42
190830,"d","Radish, red, raw, flesh and skin",100,0.7,0.2,1.9,12
190830,"br","Peaches, flesh and skin, raw, weighed with stone",220,1.98,0.22,14.96,66
190830,"br","Apple,pastry",97,4.171,15.229,36.666,303.61
